{"cameraMode":{"drawMode":0,"name":"Shaded","section":"Shading Mode"},"sceneLighting":false,"audioPlay":false,"sceneViewState":{"m_AlwaysRefresh":false,"showFog":true,"showSkybox":false,"showFlares":true,"showImageEffects":true,"showParticleSystems":true,"showVisualEffectGraphs":true,"m_FxEnabled":true},"in2DMode":false,"pivot":{"x":2.509354591369629,"y":1.955242395401001,"z":-5.606599807739258},"rotation":{"x":0.012708963826298714,"y":0.9766899347305298,"z":-0.06045086681842804,"w":0.20573364198207856},"size":10.029255867004395,"orthographic":false}