{"cameraMode":{"drawMode":0,"name":"Shaded","section":"Shading Mode"},"sceneLighting":false,"audioPlay":false,"sceneViewState":{"m_AlwaysRefresh":false,"showFog":true,"showSkybox":false,"showFlares":true,"showImageEffects":true,"showParticleSystems":true,"showVisualEffectGraphs":true,"m_FxEnabled":true},"in2DMode":false,"pivot":{"x":-6.828403949737549,"y":7.3908162117004398,"z":5.60776948928833},"rotation":{"x":0.0938030257821083,"y":0.8968670964241028,"z":-0.22978541254997254,"w":0.3661613166332245},"size":0.00041732052341103554,"orthographic":false}