{"cameraMode":{"drawMode":0,"name":"Shaded","section":"Shading Mode"},"sceneLighting":false,"audioPlay":false,"sceneViewState":{"m_AlwaysRefresh":false,"showFog":true,"showSkybox":false,"showFlares":true,"showImageEffects":true,"showParticleSystems":true,"showVisualEffectGraphs":true,"m_FxEnabled":true},"in2DMode":false,"pivot":{"x":-0.030464589595794679,"y":2.5173251628875734,"z":-0.7640209794044495},"rotation":{"x":0.01803848333656788,"y":-0.9248766899108887,"z":0.37725213170051577,"w":0.044340524822473529},"size":4.0316290855407719,"orthographic":false}