{"cameraMode":{"drawMode":0,"name":"Shaded","section":"Shading Mode"},"sceneLighting":true,"audioPlay":false,"sceneViewState":{"m_AlwaysRefresh":false,"showFog":true,"showSkybox":true,"showFlares":true,"showImageEffects":true,"showParticleSystems":true,"showVisualEffectGraphs":true,"m_FxEnabled":true},"in2DMode":false,"pivot":{"x":0.9109357595443726,"y":16.410341262817384,"z":-3.757958173751831},"rotation":{"x":0.13270215690135957,"y":-0.7150681614875794,"z":0.14164943993091584,"w":0.6717858910560608},"size":2.1411561965942385,"orthographic":false}