{"cameraMode":{"drawMode":0,"name":"Shaded","section":"Shading Mode"},"sceneLighting":false,"audioPlay":false,"sceneViewState":{"m_AlwaysRefresh":false,"showFog":true,"showSkybox":false,"showFlares":true,"showImageEffects":true,"showParticleSystems":true,"showVisualEffectGraphs":true,"m_FxEnabled":true},"in2DMode":false,"pivot":{"x":-13.944220542907715,"y":5.202488899230957,"z":1.8657628297805787},"rotation":{"x":0.1161838173866272,"y":0.7406113743782044,"z":-0.13271558284759522,"w":0.6484041810035706},"size":0.0016178791411221028,"orthographic":false}