{"cameraMode":{"drawMode":0,"name":"Shaded","section":"Shading Mode"},"sceneLighting":false,"audioPlay":false,"sceneViewState":{"m_AlwaysRefresh":false,"showFog":true,"showSkybox":false,"showFlares":true,"showImageEffects":true,"showParticleSystems":true,"showVisualEffectGraphs":true,"m_FxEnabled":true},"in2DMode":false,"pivot":{"x":40.42451477050781,"y":-3.2352490425109865,"z":-20.009113311767579},"rotation":{"x":0.17910121381282807,"y":0.7118882536888123,"z":-0.19610945880413056,"w":0.6501491665840149},"size":0.25980833172798159,"orthographic":false}