{"cameraMode":{"drawMode":0,"name":"Shaded","section":"Shading Mode"},"sceneLighting":false,"audioPlay":false,"sceneViewState":{"m_AlwaysRefresh":false,"showFog":true,"showSkybox":false,"showFlares":true,"showImageEffects":true,"showParticleSystems":true,"showVisualEffectGraphs":true,"m_FxEnabled":true},"in2DMode":false,"pivot":{"x":-0.09378433227539063,"y":1.1283764839172364,"z":0.22549474239349366},"rotation":{"x":0.005466425325721502,"y":-0.9793769121170044,"z":0.026754211634397508,"w":0.20016932487487794},"size":0.9099710583686829,"orthographic":false}