{"cameraMode":{"drawMode":0,"name":"Shaded","section":"Shading Mode"},"sceneLighting":false,"audioPlay":false,"sceneViewState":{"m_AlwaysRefresh":false,"showFog":true,"showSkybox":false,"showFlares":true,"showImageEffects":true,"showParticleSystems":true,"showVisualEffectGraphs":true,"m_FxEnabled":true},"in2DMode":false,"pivot":{"x":-7.079898834228516,"y":3.079641103744507,"z":0.8277900218963623},"rotation":{"x":0.062326326966285709,"y":0.8320494294166565,"z":-0.09552989155054093,"w":0.5428891181945801},"size":0.011251421645283699,"orthographic":false}