{"cameraMode":{"drawMode":0,"name":"Shaded","section":"Shading Mode"},"sceneLighting":false,"audioPlay":false,"sceneViewState":{"m_AlwaysRefresh":false,"showFog":true,"showSkybox":false,"showFlares":true,"showImageEffects":true,"showParticleSystems":true,"showVisualEffectGraphs":true,"m_FxEnabled":true},"in2DMode":false,"pivot":{"x":-2.384185791015625e-7,"y":0.6049231290817261,"z":0.033492475748062137},"rotation":{"x":0.021055029705166818,"y":0.5487717390060425,"z":0.013826479203999043,"w":-0.8356022834777832},"size":0.9099710583686829,"orthographic":false}