{"cameraMode":{"drawMode":0,"name":"Shaded","section":"Shading Mode"},"sceneLighting":false,"audioPlay":false,"sceneViewState":{"m_AlwaysRefresh":false,"showFog":true,"showSkybox":false,"showFlares":true,"showImageEffects":true,"showParticleSystems":true,"showVisualEffectGraphs":true,"m_FxEnabled":true},"in2DMode":false,"pivot":{"x":-1.878993034362793,"y":0.40887293219566347,"z":1.7085599899291993},"rotation":{"x":-0.06819356232881546,"y":0.9085530638694763,"z":-0.16430051624774934,"w":-0.37848249077796938},"size":2.291287899017334,"orthographic":false}