{"cameraMode":{"drawMode":0,"name":"Shaded","section":"Shading Mode"},"sceneLighting":false,"audioPlay":false,"sceneViewState":{"m_AlwaysRefresh":false,"showFog":true,"showSkybox":false,"showFlares":true,"showImageEffects":true,"showParticleSystems":true,"showVisualEffectGraphs":true,"m_FxEnabled":true},"in2DMode":false,"pivot":{"x":0.00021600723266601563,"y":0.3424856960773468,"z":0.4743671417236328},"rotation":{"x":-0.2720285654067993,"y":0.4686870574951172,"z":-0.15488384664058686,"w":-0.826309859752655},"size":0.5087247490882874,"orthographic":false}