{"cameraMode":{"drawMode":0,"name":"Shaded","section":"Shading Mode"},"sceneLighting":false,"audioPlay":false,"sceneViewState":{"m_AlwaysRefresh":false,"showFog":true,"showSkybox":false,"showFlares":true,"showImageEffects":true,"showParticleSystems":true,"showVisualEffectGraphs":true,"m_FxEnabled":true},"in2DMode":false,"pivot":{"x":-0.1394805908203125,"y":6.128994941711426,"z":-13.211353302001954},"rotation":{"x":0.10482283681631088,"y":0.7603645324707031,"z":-0.12685711681842805,"w":0.6283393502235413},"size":19.194730758666993,"orthographic":false}