{"cameraMode":{"drawMode":0,"name":"Shaded","section":"Shading Mode"},"sceneLighting":false,"audioPlay":false,"sceneViewState":{"m_AlwaysRefresh":false,"showFog":true,"showSkybox":false,"showFlares":true,"showImageEffects":true,"showParticleSystems":true,"showVisualEffectGraphs":true,"m_FxEnabled":true},"in2DMode":false,"pivot":{"x":-0.027118563652038575,"y":1.0317169427871705,"z":0.061455368995666507},"rotation":{"x":0.13590008020401,"y":0.6274697780609131,"z":-0.11244229972362519,"w":0.7584289908409119},"size":2.004582405090332,"orthographic":false}