{"cameraMode":{"drawMode":0,"name":"Shaded","section":"Shading Mode"},"sceneLighting":false,"audioPlay":false,"sceneViewState":{"m_AlwaysRefresh":false,"showFog":true,"showSkybox":false,"showFlares":true,"showImageEffects":true,"showParticleSystems":true,"showVisualEffectGraphs":true,"m_FxEnabled":true},"in2DMode":false,"pivot":{"x":-1.7881393432617188e-7,"y":0.8260908126831055,"z":2.9802322387695315e-8},"rotation":{"x":-0.006896853446960449,"y":0.9657092094421387,"z":-0.2582540214061737,"w":-0.025789359584450723},"size":0.9732709527015686,"orthographic":false}