{"cameraMode":{"drawMode":0,"name":"Shaded","section":"Shading Mode"},"sceneLighting":false,"audioPlay":false,"sceneViewState":{"m_AlwaysRefresh":false,"showFog":false,"showSkybox":false,"showFlares":false,"showImageEffects":false,"showParticleSystems":false,"showVisualEffectGraphs":true,"m_FxEnabled":true},"in2DMode":false,"pivot":{"x":0.000500798225402832,"y":0.8329349756240845,"z":0.03258484601974487},"rotation":{"x":0.051419664174318317,"y":-0.714850902557373,"z":0.0528578944504261,"w":0.6953991651535034},"size":1.0819122791290284,"orthographic":false}