{"cameraMode":{"drawMode":0,"name":"Shaded","section":"Shading Mode"},"sceneLighting":false,"audioPlay":false,"sceneViewState":{"m_AlwaysRefresh":false,"showFog":true,"showSkybox":false,"showFlares":true,"showImageEffects":true,"showParticleSystems":true,"showVisualEffectGraphs":true,"m_FxEnabled":true},"in2DMode":false,"pivot":{"x":0.21990573406219483,"y":0.8184466361999512,"z":-0.02998972125351429},"rotation":{"x":-0.015534698963165284,"y":-0.9821279048919678,"z":0.16233742237091065,"w":-0.0939723551273346},"size":1.4668530225753785,"orthographic":false}