{"cameraMode":{"drawMode":0,"name":"Shaded","section":"Shading Mode"},"sceneLighting":false,"audioPlay":false,"sceneViewState":{"m_AlwaysRefresh":false,"showFog":true,"showSkybox":false,"showFlares":true,"showImageEffects":true,"showParticleSystems":true,"showVisualEffectGraphs":true,"m_FxEnabled":true},"in2DMode":false,"pivot":{"x":-4.2176737785339359,"y":1.9723803997039796,"z":1.694627285003662},"rotation":{"x":0.09675449132919312,"y":0.8379892706871033,"z":-0.15796113014221192,"w":0.5133281350135803},"size":0.0004550856538116932,"orthographic":false}