{"cameraMode":{"drawMode":0,"name":"Shaded","section":"Shading Mode"},"sceneLighting":false,"audioPlay":false,"sceneViewState":{"m_AlwaysRefresh":false,"showFog":true,"showSkybox":false,"showFlares":true,"showImageEffects":true,"showParticleSystems":true,"showVisualEffectGraphs":true,"m_FxEnabled":true},"in2DMode":false,"pivot":{"x":0.2673766613006592,"y":-0.2783007025718689,"z":-0.44759613275527956},"rotation":{"x":0.13906778395175935,"y":-0.8519060015678406,"z":0.2835518419742584,"w":0.4178190231323242},"size":0.8660253882408142,"orthographic":false}