{"cameraMode":{"drawMode":0,"name":"Shaded","section":"Shading Mode"},"sceneLighting":false,"audioPlay":false,"sceneViewState":{"m_AlwaysRefresh":false,"showFog":true,"showSkybox":false,"showFlares":true,"showImageEffects":true,"showParticleSystems":true,"showVisualEffectGraphs":true,"m_FxEnabled":true},"in2DMode":false,"pivot":{"x":-1.1920928955078126e-7,"y":0.6111387014389038,"z":0.020832687616348268},"rotation":{"x":0.021055029705166818,"y":0.5487717390060425,"z":0.013826479203999043,"w":-0.8356022834777832},"size":0.9347417950630188,"orthographic":false}