{"cameraMode":{"drawMode":0,"name":"Shaded","section":"Shading Mode"},"sceneLighting":false,"audioPlay":false,"sceneViewState":{"m_AlwaysRefresh":false,"showFog":true,"showSkybox":false,"showFlares":true,"showImageEffects":true,"showParticleSystems":true,"showVisualEffectGraphs":true,"m_FxEnabled":true},"in2DMode":false,"pivot":{"x":-0.10787233710289002,"y":0.877281904220581,"z":0.2766137719154358},"rotation":{"x":0.005466425325721502,"y":-0.9793769121170044,"z":0.026754211634397508,"w":0.20016932487487794},"size":1.4201501607894898,"orthographic":false}