{"cameraMode":{"drawMode":0,"name":"Shaded","section":"Shading Mode"},"sceneLighting":false,"audioPlay":false,"sceneViewState":{"m_AlwaysRefresh":false,"showFog":true,"showSkybox":false,"showFlares":true,"showImageEffects":true,"showParticleSystems":true,"showVisualEffectGraphs":true,"m_FxEnabled":true},"in2DMode":false,"pivot":{"x":1.7339527606964112,"y":-1.7292202711105347,"z":-0.17910122871398927},"rotation":{"x":-0.4608665704727173,"y":-0.06896030902862549,"z":0.02774898149073124,"w":-0.8843564391136169},"size":6.474405765533447,"orthographic":false}