{"cameraMode":{"drawMode":0,"name":"Shaded","section":"Shading Mode"},"sceneLighting":false,"audioPlay":false,"sceneViewState":{"m_AlwaysRefresh":false,"showFog":false,"showSkybox":false,"showFlares":false,"showImageEffects":false,"showParticleSystems":false,"showVisualEffectGraphs":true,"m_FxEnabled":true},"in2DMode":false,"pivot":{"x":0.15798485279083253,"y":0.7271489500999451,"z":0.09456193447113037},"rotation":{"x":-0.0004590138851199299,"y":0.9993081092834473,"z":0.0131819574162364,"w":0.03479095548391342},"size":1.685939908027649,"orthographic":false}